Date,Target,Magnitude,Direction_PXV,Direction_Pareto,Magnitude_Rank,Direction_PXV_Rank,Direction_Pareto_Rank,Ensemble_Rank,High_Movement,Pareto_Top5,Ensemble_Movement_Top10,Signal_Weekday,Weekend_Setup,Magnitude_pct,Direction_PXV_pct,Direction_Pareto_pct
2026-10-06,GPRO,0.03752847254463365,-0.0029281844213077768,0.03900496638264893,0.9866666666666667,0.06666666666666667,1.0,0.5333333333333333,True,True,True,Tuesday,False,3.752847254463365,-0.2928184421307777,3.900496638264893
2026-10-06,SEDG,0.025055376391471845,0.010309028951126708,0.037014378665141956,0.8266666666666667,0.9466666666666667,0.9866666666666667,0.9666666666666667,True,True,True,Tuesday,False,2.5055376391471844,1.0309028951126709,3.701437866514196
2026-10-06,FSLR,0.023212857082741855,0.0058278115983564655,0.03615863411917725,0.7733333333333333,0.8933333333333333,0.9733333333333334,0.9333333333333333,False,True,False,Tuesday,False,2.3212857082741856,0.5827811598356466,3.6158634119177253
2026-10-06,ENPH,0.027639773501395442,0.0067948089292518875,0.03487200123060284,0.8933333333333333,0.92,0.96,0.94,True,True,True,Tuesday,False,2.763977350139544,0.6794808929251888,3.4872001230602843
2026-10-06,MCHP,0.018852987129123852,0.0022808449591086967,0.027502206915415925,0.6266666666666667,0.6533333333333333,0.9466666666666667,0.8,False,True,False,Tuesday,False,1.8852987129123853,0.22808449591086968,2.7502206915415925
2026-10-06,TEAM,0.028606468194352946,0.01189233839683774,0.026664069728151947,0.92,0.9733333333333334,0.9333333333333333,0.9533333333333334,True,False,True,Tuesday,False,2.8606468194352948,1.189233839683774,2.666406972815195
2026-10-06,FORM,0.029051828749316787,-0.004549073420273992,0.02632938080144543,0.9466666666666667,0.05333333333333334,0.92,0.4866666666666667,True,False,False,Tuesday,False,2.9051828749316786,-0.4549073420273992,2.6329380801445432
2026-10-06,STM,0.019358335165083288,0.0020007133333548033,0.025655768337112708,0.6933333333333334,0.5866666666666667,0.9066666666666666,0.7466666666666666,False,False,False,Tuesday,False,1.935833516508329,0.20007133333548033,2.5655768337112708
2026-10-06,TER,0.017795358926715247,-0.007678967937702982,0.02435897256119846,0.5866666666666667,0.013333333333333334,0.8933333333333333,0.4533333333333333,False,False,False,Tuesday,False,1.7795358926715248,-0.7678967937702982,2.435897256119846
2026-10-06,MXL,0.02928502954447469,0.0022885460415960346,0.02296378077336766,0.9733333333333334,0.6666666666666666,0.88,0.7733333333333333,True,False,True,Tuesday,False,2.928502954447469,0.22885460415960346,2.296378077336766
2026-10-06,SMTC,0.028583520686092434,0.0002966569415814653,0.021157393337839128,0.9066666666666666,0.3333333333333333,0.8666666666666667,0.6,True,False,True,Tuesday,False,2.8583520686092436,0.02966569415814653,2.115739333783913
2026-10-06,APH,0.012731759336497134,-0.0018155115054485336,0.015642388837191976,0.22666666666666666,0.09333333333333334,0.8533333333333334,0.4733333333333334,False,False,False,Tuesday,False,1.2731759336497135,-0.18155115054485335,1.5642388837191976
2026-10-06,TXN,0.014049252182681837,-0.0015499563802037076,0.014946973375666927,0.3466666666666667,0.12,0.84,0.48,False,False,False,Tuesday,False,1.4049252182681837,-0.15499563802037075,1.4946973375666928
2026-10-06,ASX,0.0178081177821118,0.002432958910477734,0.014928891492688372,0.6,0.68,0.8266666666666667,0.7533333333333334,False,False,False,Tuesday,False,1.78081177821118,0.24329589104777338,1.4928891492688372
2026-10-06,TEL,0.012179205190595921,-0.000589602861999296,0.01454991202251345,0.18666666666666668,0.26666666666666666,0.8133333333333334,0.54,False,False,False,Tuesday,False,1.217920519059592,-0.0589602861999296,1.454991202251345
2026-10-06,CRUS,0.015477633342010766,-0.0011317595725969245,0.013208967994445318,0.4533333333333333,0.18666666666666668,0.8,0.49333333333333335,False,False,False,Tuesday,False,1.5477633342010766,-0.11317595725969246,1.3208967994445318
2026-10-06,HPE,0.016315493961178665,0.006384951930827633,0.013043464974543902,0.5066666666666667,0.9066666666666666,0.7866666666666666,0.8466666666666667,False,False,False,Tuesday,False,1.6315493961178664,0.6384951930827633,1.3043464974543901
2026-10-06,NXPI,0.016856929045984164,0.005474880287836454,0.012521081694137364,0.5466666666666666,0.88,0.7733333333333333,0.8266666666666667,False,False,False,Tuesday,False,1.6856929045984164,0.5474880287836454,1.2521081694137364
2026-10-06,QRVO,0.01500815149863,-0.0009461435316354694,0.012235925318611098,0.38666666666666666,0.22666666666666666,0.76,0.49333333333333335,False,False,False,Tuesday,False,1.500815149863,-0.09461435316354694,1.2235925318611098
2026-10-06,MPWR,0.022039650869324624,-0.004669932826039785,0.012046455599960901,0.7333333333333333,0.04,0.7466666666666667,0.39333333333333337,False,False,False,Tuesday,False,2.2039650869324623,-0.4669932826039785,1.2046455599960901
2026-10-06,HPQ,0.015266120797140103,0.001467164412481515,0.010511207244949352,0.4266666666666667,0.52,0.7333333333333333,0.6266666666666667,False,False,False,Tuesday,False,1.5266120797140104,0.1467164412481515,1.0511207244949352
2026-10-06,WIX,0.027548647040054934,0.007521828718414126,0.010193768926068764,0.88,0.9333333333333333,0.72,0.8266666666666667,True,False,True,Tuesday,False,2.7548647040054934,0.7521828718414126,1.0193768926068765
2026-10-06,NVMI,0.023707764231668763,0.0003776939579942741,0.010097743227673834,0.7866666666666666,0.3466666666666667,0.7066666666666667,0.5266666666666666,False,False,False,Tuesday,False,2.3707764231668764,0.03776939579942741,1.0097743227673834
2026-10-06,ENTG,0.0254921546120315,0.0005719565663097654,0.008493283408842672,0.84,0.41333333333333333,0.6933333333333334,0.5533333333333333,True,False,True,Tuesday,False,2.54921546120315,0.057195656630976546,0.8493283408842672
2026-10-06,ARW,0.012487362296888366,-0.00031543809779385464,0.007863935861337368,0.21333333333333335,0.29333333333333333,0.68,0.4866666666666667,False,False,False,Tuesday,False,1.2487362296888367,-0.031543809779385465,0.7863935861337369
2026-10-06,MKSI,0.02717033319303903,0.001015027329892064,0.00770587309068139,0.8666666666666667,0.4666666666666667,0.6666666666666666,0.5666666666666667,True,False,True,Tuesday,False,2.717033319303903,0.1015027329892064,0.770587309068139
2026-10-06,SNPS,0.0172106558865945,0.00044952256378469823,0.005493068561311005,0.56,0.38666666666666666,0.6533333333333333,0.52,False,False,False,Tuesday,False,1.7210655886594501,0.04495225637846982,0.5493068561311005
2026-10-06,WDAY,0.018518228758821108,0.004238646126452753,0.004475401148671178,0.6133333333333333,0.8266666666666667,0.64,0.7333333333333334,False,False,False,Tuesday,False,1.8518228758821107,0.4238646126452753,0.4475401148671178
2026-10-06,AMBA,0.01919352990071978,0.011287251401581315,0.003849374295691597,0.64,0.96,0.6266666666666667,0.7933333333333333,False,False,False,Tuesday,False,1.9193529900719781,1.1287251401581315,0.3849374295691597
2026-10-06,ADI,0.014017343538446208,-0.0012474458010985027,0.0037184145928248567,0.3333333333333333,0.16,0.6133333333333333,0.38666666666666666,False,False,False,Tuesday,False,1.4017343538446208,-0.12474458010985026,0.3718414592824857
2026-10-06,AXTI,0.04234715682814881,0.016550528069606243,0.002256383765184112,1.0,1.0,0.6,0.8,True,False,True,Tuesday,False,4.234715682814881,1.6550528069606243,0.2256383765184112
2026-10-06,SNX,0.011903956704625738,0.003462291824087806,0.002123356984743389,0.16,0.7866666666666666,0.5866666666666667,0.6866666666666666,False,False,False,Tuesday,False,1.1903956704625738,0.3462291824087806,0.21233569847433892
2026-10-06,AMKR,0.024885182738038494,-0.0010041151767175402,0.0019860457166661475,0.8133333333333334,0.21333333333333335,0.5733333333333334,0.39333333333333337,True,False,False,Tuesday,False,2.4885182738038494,-0.10041151767175402,0.19860457166661474
2026-10-06,GRMN,0.010009466265285113,0.0004150377611138003,0.0017587495764614432,0.05333333333333334,0.36,0.56,0.46,False,False,False,Tuesday,False,1.0009466265285114,0.04150377611138003,0.17587495764614433
2026-10-06,FFIV,0.011713842127372837,0.003030627256668273,0.001722279916740639,0.14666666666666667,0.72,0.5466666666666666,0.6333333333333333,False,False,False,Tuesday,False,1.1713842127372835,0.3030627256668273,0.1722279916740639
2026-10-06,RMBS,0.02236862167880374,-0.005872487586452704,0.0016270556247615063,0.76,0.02666666666666667,0.5333333333333333,0.27999999999999997,False,False,False,Tuesday,False,2.236862167880374,-0.5872487586452704,0.16270556247615062
2026-10-06,NOW,0.019277906456339318,0.002275107006039491,0.0004851137452058346,0.6666666666666666,0.64,0.52,0.5800000000000001,False,False,False,Tuesday,False,1.9277906456339318,0.22751070060394912,0.04851137452058346
2026-10-06,JKHY,0.010064393068294179,0.00042364186234484624,0.00041846771463925576,0.06666666666666667,0.37333333333333335,0.5066666666666667,0.44000000000000006,False,False,False,Tuesday,False,1.006439306829418,0.042364186234484624,0.041846771463925576
2026-10-06,ROP,0.010180885917639031,4.953062142988377e-05,0.00018941922239627807,0.08,0.30666666666666664,0.49333333333333335,0.4,False,False,False,Tuesday,False,1.018088591763903,0.004953062142988377,0.018941922239627807
2026-10-06,NTAP,0.011943632439203695,0.000714947646876432,-3.784368449840058e-05,0.17333333333333334,0.44,0.48,0.45999999999999996,False,False,False,Tuesday,False,1.1943632439203695,0.07149476468764321,-0.0037843684498400578
2026-10-06,RNG,0.029004745160907425,0.0019839655586168636,-0.00017992111217743129,0.9333333333333333,0.5733333333333334,0.4666666666666667,0.52,True,False,False,Tuesday,False,2.9004745160907426,0.19839655586168636,-0.017992111217743127
2026-10-06,GDDY,0.012410949372805515,-0.0011503923427569457,-0.0003712771886931394,0.2,0.17333333333333334,0.4533333333333333,0.31333333333333335,False,False,False,Tuesday,False,1.2410949372805515,-0.11503923427569457,-0.03712771886931394
2026-10-06,VIAV,0.022281526748383698,0.002170509606298345,-0.0013246369541783222,0.7466666666666667,0.6,0.44,0.52,False,False,False,Tuesday,False,2.2281526748383698,0.2170509606298345,-0.13246369541783223
2026-10-06,FIS,0.012813260305337519,-0.0010985005451348093,-0.0014622383745116737,0.25333333333333335,0.2,0.4266666666666667,0.31333333333333335,False,False,False,Tuesday,False,1.281326030533752,-0.10985005451348093,-0.14622383745116738
2026-10-06,SNOW,0.01971209160982839,0.012326274396830058,-0.0017749113935664937,0.7066666666666667,0.9866666666666667,0.41333333333333333,0.7,False,False,False,Tuesday,False,1.971209160982839,1.232627439683006,-0.17749113935664937
2026-10-06,CHKP,0.013089862413016441,0.0031178994019265193,-0.0024313678994334967,0.28,0.7333333333333333,0.4,0.5666666666666667,False,False,False,Tuesday,False,1.3089862413016442,0.31178994019265194,-0.24313678994334967
2026-10-06,GWRE,0.016240774931288227,0.00270388220819443,-0.002519021633321555,0.48,0.6933333333333334,0.38666666666666666,0.54,False,False,False,Tuesday,False,1.6240774931288227,0.27038822081944297,-0.25190216333215554
2026-10-06,QCOM,0.01578328093755798,0.003790577169319478,-0.003565464583111763,0.4666666666666667,0.8133333333333334,0.37333333333333335,0.5933333333333334,False,False,False,Tuesday,False,1.578328093755798,0.3790577169319478,-0.35654645831117626
2026-10-06,BR,0.009978440945592085,0.0016596763108298177,-0.003865437053961135,0.02666666666666667,0.5466666666666666,0.36,0.4533333333333333,False,False,False,Tuesday,False,0.9978440945592085,0.16596763108298176,-0.3865437053961135
2026-10-06,PAYC,0.016750499374623896,0.003374130909342807,-0.004273382710006019,0.5333333333333333,0.7733333333333333,0.3466666666666667,0.56,False,False,False,Tuesday,False,1.6750499374623897,0.33741309093428073,-0.42733827100060195
2026-10-06,GEN,0.015076627359910147,-0.0018109442197889283,-0.004393380300398842,0.41333333333333333,0.10666666666666667,0.3333333333333333,0.22,False,False,False,Tuesday,False,1.5076627359910146,-0.18109442197889283,-0.4393380300398842
2026-10-06,TYL,0.014210961550372509,0.0012963692391997866,-0.004859886634377793,0.36,0.5066666666666667,0.32,0.41333333333333333,False,False,False,Tuesday,False,1.421096155037251,0.12963692391997866,-0.4859886634377793
2026-10-06,AKAM,0.015347300626371421,0.0033609831955181847,-0.005067021520629414,0.44,0.76,0.30666666666666664,0.5333333333333333,False,False,False,Tuesday,False,1.534730062637142,0.33609831955181846,-0.5067021520629414
2026-10-06,CLS,0.029216334031186314,0.0017553977028189325,-0.005082238913650969,0.96,0.56,0.29333333333333333,0.4266666666666667,True,False,False,Tuesday,False,2.9216334031186313,0.17553977028189324,-0.5082238913650969
2026-10-06,TDY,0.010007950113220478,-0.0019563618377637436,-0.005227910725973484,0.04,0.08,0.28,0.18000000000000002,False,False,False,Tuesday,False,1.0007950113220478,-0.19563618377637434,-0.5227910725973484
2026-10-06,CDW,0.01301941659020959,-0.0006221983711149775,-0.005989588490083068,0.26666666666666666,0.25333333333333335,0.26666666666666666,0.26,False,False,False,Tuesday,False,1.301941659020959,-0.062219837111497756,-0.5989588490083069
2026-10-06,MANH,0.01652189193728546,0.0046546579936516,-0.006553684531576165,0.52,0.84,0.25333333333333335,0.5466666666666666,False,False,False,Tuesday,False,1.6521891937285462,0.46546579936515997,-0.6553684531576165
2026-10-06,ACN,0.01344168961164363,0.00105693402079256,-0.008211494874893187,0.29333333333333333,0.48,0.24,0.36,False,False,False,Tuesday,False,1.344168961164363,0.105693402079256,-0.8211494874893187
2026-10-06,SANM,0.019232040934956358,0.0022159930633429753,-0.008213581198432964,0.6533333333333333,0.6133333333333333,0.22666666666666666,0.42,False,False,False,Tuesday,False,1.9232040934956358,0.22159930633429753,-0.8213581198432964
2026-10-06,SSNC,0.010287802062774798,0.0005185060140310567,-0.009468807052328053,0.09333333333333334,0.4,0.21333333333333335,0.3066666666666667,False,False,False,Tuesday,False,1.0287802062774798,0.05185060140310566,-0.9468807052328052
2026-10-06,VRSN,0.010291969278320373,-0.00039398192968594873,-0.009675009669795086,0.10666666666666667,0.28,0.2,0.24000000000000002,False,False,False,Tuesday,False,1.0291969278320374,-0.03939819296859487,-0.9675009669795086
2026-10-06,PAYX,0.010818126823323738,-0.001392550281681124,-0.009813547775053963,0.12,0.14666666666666667,0.18666666666666668,0.16666666666666669,False,False,False,Tuesday,False,1.0818126823323737,-0.1392550281681124,-0.9813547775053962
2026-10-06,S,0.024355515488594718,0.004874185965669173,-0.0122034168881163,0.8,0.8533333333333334,0.17333333333333334,0.5133333333333334,True,False,False,Tuesday,False,2.435551548859472,0.4874185965669173,-1.2203416888116299
2026-10-06,ADP,0.009778913957499566,-0.0008760614666789559,-0.013006241994127365,0.013333333333333334,0.24,0.16,0.2,False,False,False,Tuesday,False,0.9778913957499566,-0.0876061466678956,-1.3006241994127365
2026-10-06,HUBS,0.02569089978474864,0.0028717215939632443,-0.013503317809807527,0.8533333333333334,0.7066666666666667,0.14666666666666667,0.42666666666666664,True,False,False,Tuesday,False,2.569089978474864,0.28717215939632446,-1.3503317809807527
2026-10-06,IBM,0.012744236876436088,0.0010845277285234504,-0.015999263229398014,0.24,0.49333333333333335,0.13333333333333333,0.31333333333333335,False,False,False,Tuesday,False,1.2744236876436088,0.10845277285234504,-1.5999263229398015
2026-10-06,ADBE,0.014880747696596525,0.0031483715592689554,-0.016034711030226214,0.37333333333333335,0.7466666666666667,0.12,0.43333333333333335,False,False,False,Tuesday,False,1.4880747696596526,0.31483715592689554,-1.6034711030226214
2026-10-06,INTU,0.017369873075739263,0.0015371782746199263,-0.016224597051172997,0.5733333333333334,0.5333333333333333,0.10666666666666667,0.32,False,False,False,Tuesday,False,1.7369873075739264,0.15371782746199264,-1.6224597051172998
2026-10-06,LDOS,0.01142161969177668,0.0009623266658462339,-0.01631467916074466,0.13333333333333333,0.4533333333333333,0.09333333333333334,0.2733333333333333,False,False,False,Tuesday,False,1.142161969177668,0.0962326665846234,-1.6314679160744658
2026-10-06,IT,0.015060345168903743,0.00011806102043609301,-0.017083410345019198,0.4,0.32,0.08,0.2,False,False,False,Tuesday,False,1.5060345168903744,0.0118061020436093,-1.7083410345019197
2026-10-06,CTSH,0.013680063317897884,0.0036988493935378396,-0.018807008903391893,0.30666666666666664,0.8,0.06666666666666667,0.43333333333333335,False,False,False,Tuesday,False,1.3680063317897884,0.36988493935378397,-1.8807008903391893
2026-10-06,FLEX,0.01935638588590745,0.005281003475110393,-0.019831889115403116,0.68,0.8666666666666667,0.05333333333333334,0.46,False,False,False,Tuesday,False,1.9356385885907448,0.5281003475110393,-1.9831889115403116
2026-10-06,QLYS,0.016257647648235705,0.0006711648774660238,-0.020546347500565103,0.49333333333333335,0.4266666666666667,0.04,0.23333333333333334,False,False,False,Tuesday,False,1.6257647648235705,0.06711648774660238,-2.0546347500565103
2026-10-06,EPAM,0.02169800180850547,0.0022580724379936802,-0.02439275858636209,0.72,0.6266666666666667,0.02666666666666667,0.32666666666666666,False,False,False,Tuesday,False,2.169800180850547,0.22580724379936803,-2.439275858636209
2026-10-06,INFY,0.013983850688079497,-0.001477346195913627,-0.02476133561428462,0.32,0.13333333333333333,0.013333333333333334,0.07333333333333333,False,False,False,Tuesday,False,1.3983850688079498,-0.1477346195913627,-2.476133561428462
